<?xml version="1.0" encoding="UTF-8"?>
<project-private xmlns="http://www.netbeans.org/ns/project-private/1">
    <editor-bookmarks xmlns="http://www.netbeans.org/ns/editor-bookmarks/2" lastBookmarkId="0"/>
    <open-files xmlns="http://www.netbeans.org/ns/projectui-open-files/2">
        <group>
            <file>file:/C:/Users/crist/OneDrive/Documents/NetBeansProjects/CRUD_Estudiantes/CRUD_Estudiantes-ejb/src/java/co/edu/unipiloto/CRUD/Estudiante/entity/Estudiantes.java</file>
            <file>file:/C:/Users/crist/OneDrive/Documents/NetBeansProjects/CRUD_Estudiantes/CRUD_Estudiantes-ejb/src/java/co/edu/unipiloto/CRUD/Estudiante/session/StudentcoursesFacade.java</file>
            <file>file:/C:/Users/crist/OneDrive/Documents/NetBeansProjects/CRUD_Estudiantes/CRUD_Estudiantes-ejb/src/java/co/edu/unipiloto/CRUD/Estudiante/session/CoursesFacadeLocal.java</file>
            <file>file:/C:/Users/crist/OneDrive/Documents/NetBeansProjects/CRUD_Estudiantes/CRUD_Estudiantes-ejb/src/java/co/edu/unipiloto/CRUD/Estudiante/session/AbstractFacade.java</file>
            <file>file:/C:/Users/crist/OneDrive/Documents/NetBeansProjects/CRUD_Estudiantes/CRUD_Estudiantes-ejb/src/java/co/edu/unipiloto/CRUD/Estudiante/session/EstudiantesFacade.java</file>
            <file>file:/C:/Users/crist/OneDrive/Documents/NetBeansProjects/CRUD_Estudiantes/CRUD_Estudiantes-ejb/src/java/co/edu/unipiloto/CRUD/Estudiante/session/CoursesFacade.java</file>
            <file>file:/C:/Users/crist/OneDrive/Documents/NetBeansProjects/CRUD_Estudiantes/CRUD_Estudiantes-ejb/src/java/co/edu/unipiloto/CRUD/Estudiante/session/StudentcoursesFacadeLocal.java</file>
            <file>file:/C:/Users/crist/OneDrive/Documents/NetBeansProjects/CRUD_Estudiantes/CRUD_Estudiantes-ejb/src/java/co/edu/unipiloto/CRUD/Estudiante/entity/Courses.java</file>
            <file>file:/C:/Users/crist/OneDrive/Documents/NetBeansProjects/CRUD_Estudiantes/CRUD_Estudiantes-ejb/src/java/co/edu/unipiloto/CRUD/Estudiante/entity/Studentcourses.java</file>
            <file>file:/C:/Users/crist/OneDrive/Documents/NetBeansProjects/CRUD_Estudiantes/CRUD_Estudiantes-ejb/src/java/co/edu/unipiloto/CRUD/Estudiante/session/EstudiantesFacadeLocal.java</file>
        </group>
    </open-files>
</project-private>
